{"horizon": 10000, "failure_level": 0.05, "dimension": 5, "number_arms": 50, "seed": 123, "arm_set": [[0.5803929628348624, 0.2384502571393558, 0.18904352120690188, 0.45943053748739987, 0.5995595148737778], [0.2995590619734889, 0.6943803297138336, 0.4848589502549435, 0.3404994318437082, 0.2776189139231282], [0.34255668152750607, 0.7277297398918597, 0.4377781957964179, 0.05956984789529196, 0.3973235836503464], [0.6810814313217388, 0.16841802539185555, 0.1619209716980758, 0.4905582984735925, 0.4908132102489547], [0.3977370096576857, 0.5325503644511471, 0.4541964993221972, 0.3830805434506334, 0.45293511423220567], [0.36764108370190574, 0.4118430169247803, 0.25984401721077227, 0.33435011600872216, 0.7182732416215332], [0.10251113762317425, 0.4827015861081444, 0.47954248767465735, 0.5494626131662416, 0.4739414359171507], [0.2095427462435583, 0.2861028432383835, 0.5995083761018446, 0.6335781344366742, 0.3367572644132469], [0.5225202773812652, 0.09682293463584528, 0.26570608808505125, 0.3473901465045872, 0.7254779389615987], [0.1810865458485644, 0.3492478841623403, 0.7125885166043383, 0.3756029171807094, 0.4431406468941144], [0.09930192181433747, 0.6802465142946109, 0.4964411172847582, 0.44870180829133477, 0.28216433583845846], [0.22940113162019726, 0.31456372129585697, 0.5139114861121984, 0.6603652148702853, 0.3850163028848898], [0.43693272986670567, 0.38250348932994427, 0.4079413871703965, 0.44044174251810403, 0.5498870486770482], [0.08258057396499133, 0.7580428657746004, 0.2418668416036996, 0.19278857877453368, 0.5682292295179736], [0.07319325229041428, 0.6770269140184916, 0.4796696804679964, 0.5532107804712908, 0.012334322998250566], [0.5435873633359587, 0.5091607720647123, 0.14536308839647435, 0.13997768390018728, 0.6360376617415862], [0.2315667354095933, 0.5026793572819792, 0.4027297377582445, 0.2825517596306827, 0.6720592029494873], [0.8063671105649295, 0.3424069341028632, 0.04176306965659047, 0.2919849247928372, 0.3814842384477034], [0.4416599334654979, 0.6235966441728167, 0.22298229218791266, 0.4777396950756712, 0.37162805285296013], [0.7563460061396406, 0.16525133405222714, 0.43615397778947174, 0.2633655090109201, 0.37555429955256], [0.5599652518908423, 0.7274724278809992, 0.11557555559349893, 0.14284272538946546, 0.3513702180041925], [0.43261468602305797, 0.5535531535866469, 0.36178983546075055, 0.5587494278708688, 0.2516557795932944], [0.30809111505612546, 0.3445390430659362, 0.16638511762949063, 0.8063509950803254, 0.32937331098780903], [0.40193207197989045, 0.4209829618307816, 0.3794935181055603, 0.0019559701227429087, 0.7191695205296721], [0.6350873089829584, 0.145654307590112, 0.2051781549307496, 0.3647814898120378, 0.63268105873256], [0.6694178532217812, 0.17527230828646154, 0.3840790531855978, 0.549188981800624, 0.26839168934362734], [0.45009049998641265, 0.09916332525246939, 0.36982449834851944, 0.5330758321676681, 0.6055123238439232], [0.09259075049248934, 0.49972406810377407, 0.23862645080555525, 0.5257274029238289, 0.6390390625556172], [0.07645007108018656, 0.24317826371983836, 0.7598455020163666, 0.4661085292769155, 0.3746963713286341], [0.49395855259639515, 0.4863125615107274, 0.03184499147119239, 0.464572083719305, 0.550148812941237], [0.1480589497512568, 0.6968495169792279, 0.2556638030003963, 0.27344924894853795, 0.5935830406684701], [0.08035917326116772, 0.47964412165441594, 0.6405067501963598, 0.5023243289024508, 0.317655932387144], [0.3646637941745335, 0.6366811655317866, 0.4707037597696598, 0.07065371515529632, 0.484874657771243], [0.51217574645891, 0.2118654484724755, 0.5830347898067679, 0.4718684560791806, 0.3608318590635306], [0.44819242511349644, 0.047195168440630424, 0.5124389733547859, 0.4898488196883712, 0.5425408727310284], [0.20813877884389076, 0.1323287646470668, 0.22397092501324906, 0.6462366721804278, 0.6865730369496248], [0.5029894364508863, 0.10936535777824381, 0.18018233756422838, 0.7261387190213623, 0.41868571901219864], [0.5491606235859668, 0.0050477556633343875, 0.37492100486197644, 0.6334400744639868, 0.39570827871271536], [0.19227904593425887, 0.6696390119191543, 0.3535785943065812, 0.6235754097859628, 0.027354125264766417], [0.5808399210117825, 0.029410025817822972, 0.6802926441886503, 0.43196508199149425, 0.11121206204057821], [0.357031437076868, 0.043934753103544236, 0.42988638950830826, 0.6553825797582077, 0.5062308333888255], [0.5093283262068115, 0.09110736009035167, 0.6212293469526049, 0.5869060928184369, 0.043582585492041144], [0.5795731434973772, 0.37944524811107605, 0.31152555311709823, 0.5765650894870004, 0.3010661096211693], [0.45503927175989095, 0.17181651088414088, 0.3039599404014852, 0.7998538512282737, 0.17680644516038474], [0.24536618498307802, 0.5815500178001961, 0.13912014563701539, 0.5390953051219145, 0.5400156008273158], [1.0, 0.0, 0.0, 0.0, 0.0], [0.0, 1.0, 0.0, 0.0, 0.0], [0.0, 0.0, 1.0, 0.0, 0.0], [0.0, 0.0, 0.0, 1.0, 0.0], [0.0, 0.0, 0.0, 0.0, 1.0]], "theta_star": [0.12027685584643275, 0.6108316128343768, 0.6616366035004648, 0.41323796965436954, 0.0623666902613371]}